<?xml version="1.0" encoding="UTF-8"?>
<project-private xmlns="http://www.netbeans.org/ns/project-private/1">
    <editor-bookmarks xmlns="http://www.netbeans.org/ns/editor-bookmarks/2" lastBookmarkId="0"/>
    <open-files xmlns="http://www.netbeans.org/ns/projectui-open-files/2">
        <group>
            <file>file:/home/derick/Documentos/Desenvolvimento%20Baseado%20em%20Frameworks%201/frames2_2020-master/frames1_2020-master/src/java/br/com/jsfinicio/model/ProfessorModel.java</file>
            <file>file:/home/derick/Documentos/Desenvolvimento%20Baseado%20em%20Frameworks%201/frames2_2020-master/frames1_2020-master/web/views/professor/cadastrarProfessor.xhtml</file>
            <file>file:/home/derick/Documentos/Desenvolvimento%20Baseado%20em%20Frameworks%201/frames2_2020-master/frames1_2020-master/src/java/br/com/jsfinicio/converter/GenericConverter.java</file>
            <file>file:/home/derick/Documentos/Desenvolvimento%20Baseado%20em%20Frameworks%201/frames2_2020-master/frames1_2020-master/src/java/br/com/jsfinicio/model/AreaModel.java</file>
            <file>file:/home/derick/Documentos/Desenvolvimento%20Baseado%20em%20Frameworks%201/frames2_2020-master/frames1_2020-master/web/views/aluno/cadastrarAluno.xhtml</file>
            <file>file:/home/derick/Documentos/Desenvolvimento%20Baseado%20em%20Frameworks%201/frames2_2020-master/frames1_2020-master/web/index.xhtml</file>
        </group>
    </open-files>
</project-private>
